[
  { "name": "八王子市", "file": "data/prefectures/tokyo/cities/hachioji/schools.csv", "enabled": false },
  { "name": "立川市", "file": "data/prefectures/tokyo/cities/tachikawa/schools.csv", "enabled": false },
  { "name": "武蔵野市", "file": "data/prefectures/tokyo/cities/musashino/schools.csv", "enabled": false },
  { "name": "三鷹市", "file": "data/prefectures/tokyo/cities/mitaka/schools.csv", "enabled": false },
  { "name": "青梅市", "file": "data/prefectures/tokyo/cities/ome/schools.csv", "enabled": false },
  { "name": "府中市", "file": "data/prefectures/tokyo/cities/fuchu/schools.csv", "enabled": false },
  { "name": "昭島市", "file": "data/prefectures/tokyo/cities/akishima/schools.csv", "enabled": false },
  { "name": "調布市", "file": "data/prefectures/tokyo/cities/chofu/schools.csv", "enabled": false },
  { "name": "町田市", "file": "data/prefectures/tokyo/cities/machida/schools.csv", "enabled": false },
  { "name": "小金井市", "file": "data/prefectures/tokyo/cities/koganei/schools.csv", "enabled": false },
  { "name": "小平市", "file": "data/prefectures/tokyo/cities/kodaira/schools.csv", "enabled": false },
  { "name": "日野市", "file": "data/prefectures/tokyo/cities/hino/schools.csv", "enabled": false },
  { "name": "東村山市", "file": "data/prefectures/tokyo/cities/higashimurayama/schools.csv", "enabled": false },
  { "name": "国分寺市", "file": "data/prefectures/tokyo/cities/kokubunji/schools.csv", "enabled": false },
  { "name": "国立市", "file": "data/prefectures/tokyo/cities/kunitachi/schools.csv", "enabled": false },
  { "name": "福生市", "file": "data/prefectures/tokyo/cities/fussa/schools.csv", "enabled": false },
  { "name": "狛江市", "file": "data/prefectures/tokyo/cities/komae/schools.csv", "enabled": false },
  { "name": "東大和市", "file": "data/prefectures/tokyo/cities/higashiyamato/schools.csv", "enabled": false },
  { "name": "清瀬市", "file": "data/prefectures/tokyo/cities/kiyose/schools.csv", "enabled": false },
  { "name": "東久留米市", "file": "data/prefectures/tokyo/cities/higashikurume/schools.csv", "enabled": false },
  { "name": "武蔵村山市", "file": "data/prefectures/tokyo/cities/musashimurayama/schools.csv", "enabled": false },
  { "name": "多摩市", "file": "data/prefectures/tokyo/cities/tama/schools.csv", "enabled": false },
  { "name": "稲城市", "file": "data/prefectures/tokyo/cities/inagi/schools.csv", "enabled": false },
  { "name": "羽村市", "file": "data/prefectures/tokyo/cities/hamura/schools.csv", "enabled": false },
  { "name": "あきる野市", "file": "data/prefectures/tokyo/cities/akiruno/schools.csv", "enabled": false },
  { "name": "西東京市", "file": "data/prefectures/tokyo/cities/nishitokyo/schools.csv", "enabled": false }
]
